{
  "1939645381": {
    "username": "MrBaigazy",
    "registered_at": "2025-12-19T21:36:51.960993",
    "status": "new",
    "pocket_option_id": null,
    "verified": false,
    "deposited": false,
    "language": "ru",
    "referral": {
      "code": "ref_1939645381",
      "invited_by": null,
      "referrals": [],
      "activated_referrals": [],
      "bonuses_claimed": [],
      "tradingview_username": null,
      "pending_bonus_request": null,
      "bonus_requests_history": []
    }
  },
  "6166779694": {
    "username": "toose252",
    "registered_at": "2025-11-30T20:59:26.864280",
    "status": "new",
    "pocket_option_id": null,
    "verified": false,
    "deposited": false,
    "language": "ru",
    "referral": {
      "code": "ref_6166779694",
      "invited_by": null,
      "referrals": [],
      "activated_referrals": [],
      "bonuses_claimed": [],
      "tradingview_username": null,
      "pending_bonus_request": null,
      "bonus_requests_history": []
    }
  },
  "1062303111": {
    "username": "User",
    "registered_at": "2025-11-30T20:49:18.871660",
    "status": "new",
    "pocket_option_id": null,
    "verified": false,
    "deposited": false,
    "language": "ru",
    "referral": {
      "code": "ref_1062303111",
      "invited_by": null,
      "referrals": [],
      "activated_referrals": [],
      "bonuses_claimed": [],
      "tradingview_username": null,
      "pending_bonus_request": null,
      "bonus_requests_history": []
    }
  },
  "1300283572": {
    "username": "Roxxxxt",
    "registered_at": "2025-12-11T05:21:38.313142",
    "status": "new",
    "pocket_option_id": null,
    "verified": false,
    "deposited": false,
    "language": "ru",
    "referral": {
      "code": "ref_1300283572",
      "invited_by": null,
      "referrals": [],
      "activated_referrals": [],
      "bonuses_claimed": [],
      "tradingview_username": null,
      "pending_bonus_request": null,
      "bonus_requests_history": []
    }
  },
  "1455334833": {
    "username": "Ig_M_T",
    "registered_at": "2025-12-07T03:24:42.740175",
    "status": "new",
    "pocket_option_id": null,
    "verified": false,
    "deposited": false,
    "language": "ru",
    "referral": {
      "code": "ref_1455334833",
      "invited_by": null,
      "referrals": [],
      "activated_referrals": [],
      "bonuses_claimed": [],
      "tradingview_username": null,
      "pending_bonus_request": null,
      "bonus_requests_history": []
    }
  },
  "1093953374": {
    "username": "pizzalover77",
    "registered_at": "2025-12-11T18:21:27.237167",
    "status": "new",
    "pocket_option_id": "PO119453831",
    "verified": true,
    "deposited": true,
    "language": "ru",
    "referral": {
      "code": "ref_1093953374",
      "invited_by": null,
      "referrals": [],
      "activated_referrals": [],
      "bonuses_claimed": [],
      "tradingview_username": null,
      "pending_bonus_request": null,
      "bonus_requests_history": []
    }
  },
  "8428349451": {
    "username": "User",
    "registered_at": "2025-10-27T04:11:42.660366",
    "status": "new",
    "pocket_option_id": null,
    "verified": false,
    "deposited": false,
    "language": "ru",
    "last_motivation_sent": "2025-11-03T04:01:13.843530",
    "referral": {
      "code": "ref_8428349451",
      "invited_by": null,
      "referrals": [],
      "activated_referrals": [],
      "bonuses_claimed": [],
      "tradingview_username": null,
      "pending_bonus_request": null,
      "bonus_requests_history": []
    }
  },
  "8060381046": {
    "username": "lev_1810",
    "registered_at": "2025-10-27T19:01:48.620562",
    "status": "new",
    "pocket_option_id": null,
    "verified": false,
    "deposited": false,
    "language": "ru",
    "last_motivation_sent": "2025-11-03T04:01:14.969261",
    "referral": {
      "code": "ref_8060381046",
      "invited_by": null,
      "referrals": [],
      "activated_referrals": [],
      "bonuses_claimed": [],
      "tradingview_username": null,
      "pending_bonus_request": null,
      "bonus_requests_history": []
    }
  },
  "925083497": {
    "username": "r_omk",
    "registered_at": "2025-11-05T15:47:35.114986",
    "status": "new",
    "pocket_option_id": null,
    "verified": false,
    "deposited": false,
    "language": "ru",
    "referral": {
      "code": "ref_925083497",
      "invited_by": null,
      "referrals": [
        "8534398258",
        "8254064541"
      ],
      "activated_referrals": [
        "8534398258"
      ],
      "bonuses_claimed": [],
      "tradingview_username": null,
      "pending_bonus_request": null,
      "bonus_requests_history": []
    }
  },
  "8344456953": {
    "username": "husdfodf",
    "registered_at": "2025-10-28T01:02:49.993300",
    "status": "new",
    "pocket_option_id": null,
    "verified": false,
    "deposited": false,
    "language": "ru",
    "last_motivation_sent": "2025-11-03T04:01:18.350854",
    "referral": {
      "code": "ref_8344456953",
      "invited_by": null,
      "referrals": [],
      "activated_referrals": [],
      "bonuses_claimed": [],
      "tradingview_username": null,
      "pending_bonus_request": null,
      "bonus_requests_history": []
    }
  },
  "7597207921": {
    "username": "kaktotakxme",
    "registered_at": "2025-11-11T21:21:09.411391",
    "status": "new",
    "pocket_option_id": null,
    "verified": false,
    "deposited": false,
    "language": "ru",
    "referral": {
      "code": "ref_7597207921",
      "invited_by": null,
      "referrals": [],
      "activated_referrals": [],
      "bonuses_claimed": [],
      "tradingview_username": null,
      "pending_bonus_request": null,
      "bonus_requests_history": []
    }
  },
  "608064556": {
    "username": "joiiiibc",
    "registered_at": "2025-10-31T21:28:08.816360",
    "status": "new",
    "pocket_option_id": null,
    "verified": false,
    "deposited": false,
    "language": "ru",
    "last_motivation_sent": "2025-11-03T04:01:23.890258",
    "referral": {
      "code": "ref_608064556",
      "invited_by": null,
      "referrals": [],
      "activated_referrals": [],
      "bonuses_claimed": [],
      "tradingview_username": null,
      "pending_bonus_request": null,
      "bonus_requests_history": []
    }
  },
  "7433447749": {
    "username": "milaivanovna1987",
    "registered_at": "2025-11-06T05:33:49.915708",
    "status": "new",
    "pocket_option_id": null,
    "verified": false,
    "deposited": false,
    "language": "ru",
    "referral": {
      "code": "ref_7433447749",
      "invited_by": null,
      "referrals": [],
      "activated_referrals": [],
      "bonuses_claimed": [],
      "tradingview_username": null,
      "pending_bonus_request": null,
      "bonus_requests_history": []
    }
  },
  "6163686732": {
    "username": "User",
    "registered_at": "2025-11-21T12:14:01.998694",
    "status": "new",
    "pocket_option_id": null,
    "verified": false,
    "deposited": false,
    "language": "ru",
    "referral": {
      "code": "ref_6163686732",
      "invited_by": null,
      "referrals": [],
      "activated_referrals": [],
      "bonuses_claimed": [],
      "tradingview_username": null,
      "pending_bonus_request": null,
      "bonus_requests_history": []
    }
  },
  "5824058599": {
    "username": "User",
    "registered_at": "2025-11-07T18:11:35.260906",
    "status": "new",
    "pocket_option_id": null,
    "verified": false,
    "deposited": false,
    "language": "ru",
    "referral": {
      "code": "ref_5824058599",
      "invited_by": null,
      "referrals": [],
      "activated_referrals": [],
      "bonuses_claimed": [],
      "tradingview_username": null,
      "pending_bonus_request": null,
      "bonus_requests_history": []
    }
  },
  "785493767": {
    "username": "bonvilleuz",
    "registered_at": "2025-11-07T21:43:43.713940",
    "status": "new",
    "pocket_option_id": null,
    "verified": false,
    "deposited": false,
    "language": "ru",
    "referral": {
      "code": "ref_785493767",
      "invited_by": null,
      "referrals": [],
      "activated_referrals": [],
      "bonuses_claimed": [],
      "tradingview_username": null,
      "pending_bonus_request": null,
      "bonus_requests_history": []
    }
  },
  "7722130198": {
    "username": "User",
    "registered_at": "2025-12-08T22:52:30.426192",
    "status": "new",
    "pocket_option_id": null,
    "verified": false,
    "deposited": false,
    "language": "ru",
    "referral": {
      "code": "ref_7722130198",
      "invited_by": null,
      "referrals": [],
      "activated_referrals": [],
      "bonuses_claimed": [],
      "tradingview_username": null,
      "pending_bonus_request": null,
      "bonus_requests_history": []
    }
  },
  "7613535490": {
    "username": "sjhefkjsa",
    "registered_at": "2025-11-09T20:17:50.106385",
    "status": "new",
    "pocket_option_id": null,
    "verified": false,
    "deposited": false,
    "language": "ru",
    "referral": {
      "code": "ref_7613535490",
      "invited_by": null,
      "referrals": [],
      "activated_referrals": [],
      "bonuses_claimed": [],
      "tradingview_username": null,
      "pending_bonus_request": null,
      "bonus_requests_history": []
    }
  },
  "8091581816": {
    "username": "atario16",
    "registered_at": "2025-11-30T16:35:50.288619",
    "status": "new",
    "pocket_option_id": null,
    "verified": false,
    "deposited": false,
    "language": "ru",
    "referral": {
      "code": "ref_8091581816",
      "invited_by": null,
      "referrals": [],
      "activated_referrals": [],
      "bonuses_claimed": [],
      "tradingview_username": null,
      "pending_bonus_request": null,
      "bonus_requests_history": []
    }
  },
  "417919047": {
    "username": "Bonya_and_Tosha",
    "registered_at": "2025-12-15T15:08:39.610059",
    "status": "new",
    "pocket_option_id": null,
    "verified": false,
    "deposited": false,
    "language": "ru",
    "referral": {
      "code": "ref_417919047",
      "invited_by": null,
      "referrals": [],
      "activated_referrals": [],
      "bonuses_claimed": [],
      "tradingview_username": null,
      "pending_bonus_request": null,
      "bonus_requests_history": []
    }
  },
  "864203031": {
    "username": "Num666ber",
    "registered_at": "2025-12-04T05:13:46.134358",
    "status": "new",
    "pocket_option_id": null,
    "verified": false,
    "deposited": false,
    "language": "ru",
    "referral": {
      "code": "ref_864203031",
      "invited_by": null,
      "referrals": [],
      "activated_referrals": [],
      "bonuses_claimed": [],
      "tradingview_username": null,
      "pending_bonus_request": null,
      "bonus_requests_history": []
    }
  },
  "5159974552": {
    "username": "Pallermo19",
    "registered_at": "2025-12-05T23:31:37.874317",
    "status": "new",
    "pocket_option_id": "PO94561712",
    "verified": false,
    "deposited": false,
    "language": "ru",
    "referral": {
      "code": "ref_5159974552",
      "invited_by": null,
      "referrals": [],
      "activated_referrals": [],
      "bonuses_claimed": [],
      "tradingview_username": null,
      "pending_bonus_request": null,
      "bonus_requests_history": []
    }
  },
  "851323928": {
    "username": "HYISHY",
    "registered_at": "2025-11-30T20:49:02.684010",
    "status": "new",
    "pocket_option_id": "PO116223274",
    "verified": false,
    "deposited": false,
    "language": "ru",
    "referral": {
      "code": "ref_851323928",
      "invited_by": null,
      "referrals": [],
      "activated_referrals": [],
      "bonuses_claimed": [],
      "tradingview_username": null,
      "pending_bonus_request": null,
      "bonus_requests_history": []
    }
  },
  "320328226": {
    "username": "Klass03",
    "registered_at": "2025-11-30T21:01:53.958405",
    "status": "new",
    "pocket_option_id": "PO116775732",
    "verified": true,
    "deposited": true,
    "language": "ru",
    "referral": {
      "code": "ref_320328226",
      "invited_by": null,
      "referrals": [],
      "activated_referrals": [],
      "bonuses_claimed": [],
      "tradingview_username": null,
      "pending_bonus_request": null,
      "bonus_requests_history": []
    }
  },
  "5129785592": {
    "username": "FaridTVT",
    "registered_at": "2025-12-03T16:45:24.965260",
    "status": "new",
    "pocket_option_id": null,
    "verified": false,
    "deposited": false,
    "language": "ru",
    "referral": {
      "code": "ref_5129785592",
      "invited_by": null,
      "referrals": [],
      "activated_referrals": [],
      "bonuses_claimed": [],
      "tradingview_username": null,
      "pending_bonus_request": null,
      "bonus_requests_history": []
    }
  },
  "5155272634": {
    "username": "Testbot2027",
    "registered_at": "2025-12-04T10:07:02.382522",
    "status": "new",
    "pocket_option_id": "PO117447726",
    "verified": false,
    "deposited": false,
    "language": "ru",
    "referral": {
      "code": "ref_5155272634",
      "invited_by": null,
      "referrals": [],
      "activated_referrals": [],
      "bonuses_claimed": [],
      "tradingview_username": null,
      "pending_bonus_request": null,
      "bonus_requests_history": []
    }
  },
  "1678542943": {
    "username": "ALISHERQR",
    "registered_at": "2025-12-01T15:42:38.147594",
    "status": "new",
    "pocket_option_id": null,
    "verified": false,
    "deposited": false,
    "language": "ru",
    "referral": {
      "code": "ref_1678542943",
      "invited_by": null,
      "referrals": [],
      "activated_referrals": [],
      "bonuses_claimed": [],
      "tradingview_username": null,
      "pending_bonus_request": null,
      "bonus_requests_history": []
    }
  },
  "945040553": {
    "username": "aqqwez9",
    "registered_at": "2025-11-30T20:46:11.575414",
    "status": "new",
    "pocket_option_id": null,
    "verified": false,
    "deposited": false,
    "language": "ru",
    "referral": {
      "code": "ref_945040553",
      "invited_by": null,
      "referrals": [],
      "activated_referrals": [],
      "bonuses_claimed": [],
      "tradingview_username": null,
      "pending_bonus_request": null,
      "bonus_requests_history": []
    }
  },
  "1364797698": {
    "username": "Daniro36",
    "registered_at": "2025-12-01T12:54:05.093418",
    "status": "new",
    "pocket_option_id": "PO117338709",
    "verified": false,
    "deposited": false,
    "language": "ru",
    "referral": {
      "code": "ref_1364797698",
      "invited_by": null,
      "referrals": [],
      "activated_referrals": [],
      "bonuses_claimed": [],
      "tradingview_username": null,
      "pending_bonus_request": null,
      "bonus_requests_history": []
    }
  },
  "7012743087": {
    "username": "wvw_999",
    "registered_at": "2025-12-02T21:51:56.466640",
    "status": "new",
    "pocket_option_id": null,
    "verified": false,
    "deposited": false,
    "language": "ru",
    "referral": {
      "code": "ref_7012743087",
      "invited_by": null,
      "referrals": [],
      "activated_referrals": [],
      "bonuses_claimed": [],
      "tradingview_username": null,
      "pending_bonus_request": null,
      "bonus_requests_history": []
    }
  },
  "425088363": {
    "username": "starrsforbes",
    "registered_at": "2025-11-30T22:32:08.851973",
    "status": "new",
    "pocket_option_id": "PO116987623",
    "verified": false,
    "deposited": false,
    "language": "ru",
    "referral": {
      "code": "ref_425088363",
      "invited_by": null,
      "referrals": [],
      "activated_referrals": [],
      "bonuses_claimed": [],
      "tradingview_username": null,
      "pending_bonus_request": null,
      "bonus_requests_history": []
    }
  },
  "7043020526": {
    "username": "Volkii60",
    "registered_at": "2025-12-01T01:53:39.108458",
    "status": "new",
    "pocket_option_id": null,
    "verified": false,
    "deposited": false,
    "language": "ru",
    "referral": {
      "code": "ref_7043020526",
      "invited_by": null,
      "referrals": [],
      "activated_referrals": [],
      "bonuses_claimed": [],
      "tradingview_username": null,
      "pending_bonus_request": null,
      "bonus_requests_history": []
    }
  },
  "1397030928": {
    "username": "dbinc88",
    "registered_at": "2025-11-30T21:28:36.531221",
    "status": "new",
    "pocket_option_id": null,
    "verified": false,
    "deposited": false,
    "language": "ru",
    "referral": {
      "code": "ref_1397030928",
      "invited_by": null,
      "referrals": [],
      "activated_referrals": [],
      "bonuses_claimed": [],
      "tradingview_username": null,
      "pending_bonus_request": null,
      "bonus_requests_history": []
    }
  },
  "6875782553": {
    "username": "User",
    "registered_at": "2025-12-01T14:04:00.001896",
    "status": "new",
    "pocket_option_id": null,
    "verified": false,
    "deposited": false,
    "language": "ru",
    "referral": {
      "code": "ref_6875782553",
      "invited_by": null,
      "referrals": [],
      "activated_referrals": [],
      "bonuses_claimed": [],
      "tradingview_username": null,
      "pending_bonus_request": null,
      "bonus_requests_history": []
    }
  },
  "1858126096": {
    "username": "User",
    "registered_at": "2025-12-01T16:05:38.514194",
    "status": "new",
    "pocket_option_id": null,
    "verified": false,
    "deposited": false,
    "language": "ru",
    "referral": {
      "code": "ref_1858126096",
      "invited_by": null,
      "referrals": [],
      "activated_referrals": [],
      "bonuses_claimed": [],
      "tradingview_username": null,
      "pending_bonus_request": null,
      "bonus_requests_history": []
    }
  },
  "894853808": {
    "username": "CSO2222",
    "registered_at": "2025-12-01T16:11:46.203350",
    "status": "new",
    "pocket_option_id": null,
    "verified": false,
    "deposited": false,
    "language": "ru",
    "referral": {
      "code": "ref_894853808",
      "invited_by": null,
      "referrals": [],
      "activated_referrals": [],
      "bonuses_claimed": [],
      "tradingview_username": null,
      "pending_bonus_request": null,
      "bonus_requests_history": []
    }
  },
  "1892371120": {
    "username": "User",
    "registered_at": "2025-12-01T20:14:46.236724",
    "status": "new",
    "pocket_option_id": "PO112827957",
    "verified": false,
    "deposited": false,
    "language": "ru",
    "referral": {
      "code": "ref_1892371120",
      "invited_by": null,
      "referrals": [],
      "activated_referrals": [],
      "bonuses_claimed": [],
      "tradingview_username": null,
      "pending_bonus_request": null,
      "bonus_requests_history": []
    }
  },
  "450522966": {
    "username": "Navaishka",
    "registered_at": "2025-12-01T21:04:10.418542",
    "status": "new",
    "pocket_option_id": null,
    "verified": false,
    "deposited": false,
    "language": "ru",
    "referral": {
      "code": "ref_450522966",
      "invited_by": null,
      "referrals": [],
      "activated_referrals": [],
      "bonuses_claimed": [],
      "tradingview_username": null,
      "pending_bonus_request": null,
      "bonus_requests_history": []
    }
  },
  "5148366891": {
    "username": "romanb96",
    "registered_at": "2025-12-02T19:24:12.611015",
    "status": "new",
    "pocket_option_id": "PO117304322",
    "verified": false,
    "deposited": false,
    "language": "ru",
    "referral": {
      "code": "ref_5148366891",
      "invited_by": null,
      "referrals": [],
      "activated_referrals": [],
      "bonuses_claimed": [],
      "tradingview_username": null,
      "pending_bonus_request": null,
      "bonus_requests_history": []
    }
  },
  "5910370325": {
    "username": "shadow06m",
    "registered_at": "2025-12-04T19:24:57.032860",
    "status": "new",
    "pocket_option_id": "PO117471750",
    "verified": false,
    "deposited": false,
    "language": "ru",
    "referral": {
      "code": "ref_5910370325",
      "invited_by": null,
      "referrals": [],
      "activated_referrals": [],
      "bonuses_claimed": [],
      "tradingview_username": null,
      "pending_bonus_request": null,
      "bonus_requests_history": []
    }
  },
  "7433296710": {
    "username": "yaspaeblya",
    "registered_at": "2025-12-04T21:04:18.467011",
    "status": "new",
    "pocket_option_id": null,
    "verified": false,
    "deposited": false,
    "language": "ru",
    "referral": {
      "code": "ref_7433296710",
      "invited_by": null,
      "referrals": [],
      "activated_referrals": [],
      "bonuses_claimed": [],
      "tradingview_username": null,
      "pending_bonus_request": null,
      "bonus_requests_history": []
    }
  },
  "6731567605": {
    "username": "Dhenya44",
    "registered_at": "2025-12-05T12:56:50.467639",
    "status": "new",
    "pocket_option_id": null,
    "verified": false,
    "deposited": false,
    "language": "ru",
    "referral": {
      "code": "ref_6731567605",
      "invited_by": null,
      "referrals": [],
      "activated_referrals": [],
      "bonuses_claimed": [],
      "tradingview_username": null,
      "pending_bonus_request": null,
      "bonus_requests_history": []
    }
  },
  "8414706440": {
    "username": "User",
    "registered_at": "2025-12-05T19:36:52.090001",
    "status": "new",
    "pocket_option_id": null,
    "verified": false,
    "deposited": false,
    "language": "ru",
    "referral": {
      "code": "ref_8414706440",
      "invited_by": null,
      "referrals": [],
      "activated_referrals": [],
      "bonuses_claimed": [],
      "tradingview_username": null,
      "pending_bonus_request": null,
      "bonus_requests_history": []
    }
  },
  "1413830263": {
    "username": "User",
    "registered_at": "2025-12-06T07:00:06.824068",
    "status": "new",
    "pocket_option_id": "PO118779909",
    "verified": true,
    "deposited": true,
    "language": "ru",
    "referral": {
      "code": "ref_1413830263",
      "invited_by": null,
      "referrals": [],
      "activated_referrals": [],
      "bonuses_claimed": [],
      "tradingview_username": null,
      "pending_bonus_request": null,
      "bonus_requests_history": []
    }
  },
  "6454580707": {
    "username": "dsroid",
    "registered_at": "2025-12-09T20:15:14.109625",
    "status": "new",
    "pocket_option_id": null,
    "verified": false,
    "deposited": false,
    "language": "ru",
    "referral": {
      "code": "ref_6454580707",
      "invited_by": null,
      "referrals": [],
      "activated_referrals": [],
      "bonuses_claimed": [],
      "tradingview_username": null,
      "pending_bonus_request": null,
      "bonus_requests_history": []
    }
  },
  "459783584": {
    "username": "Poggodin",
    "registered_at": "2025-12-09T20:50:02.497881",
    "status": "new",
    "pocket_option_id": "PO117900181",
    "verified": false,
    "deposited": false,
    "language": "ru",
    "referral": {
      "code": "ref_459783584",
      "invited_by": null,
      "referrals": [],
      "activated_referrals": [],
      "bonuses_claimed": [],
      "tradingview_username": null,
      "pending_bonus_request": null,
      "bonus_requests_history": []
    }
  },
  "6462946722": {
    "username": "goncharenco757",
    "registered_at": "2025-12-10T01:09:21.062698",
    "status": "new",
    "pocket_option_id": "PO118999522",
    "verified": true,
    "deposited": true,
    "language": "ru",
    "referral": {
      "code": "ref_6462946722",
      "invited_by": null,
      "referrals": [],
      "activated_referrals": [],
      "bonuses_claimed": [],
      "tradingview_username": null,
      "pending_bonus_request": null,
      "bonus_requests_history": []
    }
  },
  "1709812024": {
    "username": "User",
    "registered_at": "2025-12-10T20:12:55.852291",
    "status": "new",
    "pocket_option_id": null,
    "verified": false,
    "deposited": false,
    "language": "ru",
    "referral": {
      "code": "ref_1709812024",
      "invited_by": null,
      "referrals": [],
      "activated_referrals": [],
      "bonuses_claimed": [],
      "tradingview_username": null,
      "pending_bonus_request": null,
      "bonus_requests_history": []
    }
  },
  "1055028038": {
    "username": "Iurik999",
    "registered_at": "2025-12-11T13:53:34.991623",
    "status": "new",
    "pocket_option_id": "PO117989378",
    "verified": false,
    "deposited": false,
    "language": "ru",
    "referral": {
      "code": "ref_1055028038",
      "invited_by": null,
      "referrals": [],
      "activated_referrals": [],
      "bonuses_claimed": [],
      "tradingview_username": null,
      "pending_bonus_request": null,
      "bonus_requests_history": []
    }
  },
  "128404227": {
    "username": "snickerc",
    "registered_at": "2025-12-11T20:09:01.642688",
    "status": "new",
    "pocket_option_id": null,
    "verified": false,
    "deposited": false,
    "language": "ru",
    "referral": {
      "code": "ref_128404227",
      "invited_by": null,
      "referrals": [],
      "activated_referrals": [],
      "bonuses_claimed": [],
      "tradingview_username": null,
      "pending_bonus_request": null,
      "bonus_requests_history": []
    }
  },
  "6652272170": {
    "username": "User",
    "registered_at": "2025-12-15T14:17:24.202956",
    "status": "new",
    "pocket_option_id": "PO118786328",
    "verified": true,
    "deposited": true,
    "language": "ru",
    "referral": {
      "code": "ref_6652272170",
      "invited_by": null,
      "referrals": [],
      "activated_referrals": [],
      "bonuses_claimed": [],
      "tradingview_username": null,
      "pending_bonus_request": null,
      "bonus_requests_history": []
    }
  },
  "363438072": {
    "username": "Maksim_Mixailovi4",
    "registered_at": "2025-12-15T22:38:41.352195",
    "status": "new",
    "pocket_option_id": null,
    "verified": false,
    "deposited": false,
    "language": "ru",
    "referral": {
      "code": "ref_363438072",
      "invited_by": null,
      "referrals": [],
      "activated_referrals": [],
      "bonuses_claimed": [],
      "tradingview_username": null,
      "pending_bonus_request": null,
      "bonus_requests_history": []
    }
  },
  "936773401": {
    "username": "alessiadiachenko",
    "registered_at": "2025-12-15T23:29:11.970235",
    "status": "new",
    "pocket_option_id": null,
    "verified": false,
    "deposited": false,
    "language": "ru",
    "referral": {
      "code": "ref_936773401",
      "invited_by": null,
      "referrals": [],
      "activated_referrals": [],
      "bonuses_claimed": [],
      "tradingview_username": null,
      "pending_bonus_request": null,
      "bonus_requests_history": []
    }
  },
  "1732232067": {
    "username": "shallowm067",
    "registered_at": "2025-12-16T06:04:00.358577",
    "status": "new",
    "pocket_option_id": null,
    "verified": false,
    "deposited": false,
    "language": "ru",
    "referral": {
      "code": "ref_1732232067",
      "invited_by": null,
      "referrals": [],
      "activated_referrals": [],
      "bonuses_claimed": [],
      "tradingview_username": null,
      "pending_bonus_request": null,
      "bonus_requests_history": []
    }
  },
  "5620098424": {
    "username": "trent12345655",
    "registered_at": "2025-12-17T14:52:51.674427",
    "status": "new",
    "pocket_option_id": null,
    "verified": false,
    "deposited": false,
    "language": "ru",
    "referral": {
      "code": "ref_5620098424",
      "invited_by": null,
      "referrals": [],
      "activated_referrals": [],
      "bonuses_claimed": [],
      "tradingview_username": null,
      "pending_bonus_request": null,
      "bonus_requests_history": []
    }
  },
  "7201688123": {
    "username": "User",
    "registered_at": "2025-12-18T21:47:32.333032",
    "status": "new",
    "pocket_option_id": null,
    "verified": false,
    "deposited": false,
    "language": "ru",
    "referral": {
      "code": "ref_7201688123",
      "invited_by": null,
      "referrals": [],
      "activated_referrals": [],
      "bonuses_claimed": [],
      "tradingview_username": null,
      "pending_bonus_request": null,
      "bonus_requests_history": []
    }
  },
  "7480000220": {
    "username": "Leka1819",
    "registered_at": "2025-12-18T22:02:06.117548",
    "status": "new",
    "pocket_option_id": null,
    "verified": false,
    "deposited": false,
    "language": "ru",
    "referral": {
      "code": "ref_7480000220",
      "invited_by": null,
      "referrals": [],
      "activated_referrals": [],
      "bonuses_claimed": [],
      "tradingview_username": null,
      "pending_bonus_request": null,
      "bonus_requests_history": []
    }
  },
  "757509275": {
    "username": "Maximus_www",
    "registered_at": "2025-12-18T22:27:48.449855",
    "status": "new",
    "pocket_option_id": null,
    "verified": false,
    "deposited": false,
    "language": "ru",
    "referral": {
      "code": "ref_757509275",
      "invited_by": null,
      "referrals": [],
      "activated_referrals": [],
      "bonuses_claimed": [],
      "tradingview_username": null,
      "pending_bonus_request": null,
      "bonus_requests_history": []
    }
  },
  "1301443009": {
    "username": "User",
    "registered_at": "2025-12-19T12:10:10.569132",
    "status": "new",
    "pocket_option_id": null,
    "verified": false,
    "deposited": false,
    "language": "ru",
    "referral": {
      "code": "ref_1301443009",
      "invited_by": null,
      "referrals": [],
      "activated_referrals": [],
      "bonuses_claimed": [],
      "tradingview_username": null,
      "pending_bonus_request": null,
      "bonus_requests_history": []
    }
  },
  "1128106149": {
    "username": "kifaro_kifaro",
    "registered_at": "2025-12-19T23:05:57.944936",
    "status": "new",
    "pocket_option_id": null,
    "verified": false,
    "deposited": false,
    "language": "ru",
    "referral": {
      "code": "ref_1128106149",
      "invited_by": null,
      "referrals": [],
      "activated_referrals": [],
      "bonuses_claimed": [],
      "tradingview_username": null,
      "pending_bonus_request": null,
      "bonus_requests_history": []
    }
  },
  "5022706397": {
    "username": "UserArt001",
    "registered_at": "2025-12-20T10:54:00.224585",
    "status": "new",
    "pocket_option_id": null,
    "verified": false,
    "deposited": false,
    "language": "ru",
    "referral": {
      "code": "ref_5022706397",
      "invited_by": null,
      "referrals": [],
      "activated_referrals": [],
      "bonuses_claimed": [],
      "tradingview_username": null,
      "pending_bonus_request": null,
      "bonus_requests_history": []
    }
  },
  "511442168": {
    "username": "kaktotakxm",
    "registered_at": "2025-12-20T19:30:22.426799",
    "status": "admin",
    "pocket_option_id": null,
    "verified": true,
    "deposited": true,
    "language": "ru",
    "referral": {
      "code": "ref_511442168",
      "invited_by": null,
      "referrals": [
        "1723126363",
        "535164813",
        "1125003755",
        "8333501900",
        "510687197",
        "1270773159",
        "452052752",
        "8379221671",
        "484202382",
        "7132513690",
        "7282383307",
        "481160637",
        "7941342605",
        "906502869",
        "520155255",
        "656040312",
        "1396417770",
        "488826250",
        "490807024",
        "792610514",
        "5184518880",
        "1490988388",
        "7834332344",
        "1647980315",
        "543701744",
        "768522003",
        "381354946",
        "1963644473",
        "5090874290",
        "427497168",
        "1140410936",
        "385568515",
        "8234884120",
        "7759826140",
        "1478075667",
        "5887143752",
        "483711033",
        "864739237",
        "629470017",
        "5134901835",
        "5260930236",
        "684364568",
        "853250565",
        "8439156593",
        "8071376909",
        "6534941106",
        "5367137985",
        "1043825501",
        "725130850",
        "6984661245",
        "5067270688",
        "215430432",
        "5746586281",
        "482661922",
        "654283825",
        "1371856078",
        "1215457468",
        "624176043",
        "882281239",
        "807483636",
        "338649081",
        "5892319452",
        "496764210",
        "1863108100",
        "382113045",
        "758418793",
        "705857743",
        "394107216"
      ],
      "activated_referrals": [],
      "bonuses_claimed": [],
      "tradingview_username": null,
      "pending_bonus_request": null,
      "bonus_requests_history": []
    }
  },
  "1022937048": {
    "username": "A_Arina13",
    "registered_at": "2025-12-20T23:25:48.754124",
    "status": "new",
    "pocket_option_id": null,
    "verified": false,
    "deposited": false,
    "language": "ru",
    "referral": {
      "code": "ref_1022937048",
      "invited_by": null,
      "referrals": [],
      "activated_referrals": [],
      "bonuses_claimed": [],
      "tradingview_username": null,
      "pending_bonus_request": null,
      "bonus_requests_history": []
    }
  },
  "1445841666": {
    "username": "User",
    "registered_at": "2025-12-21T08:12:12.676858",
    "status": "new",
    "pocket_option_id": null,
    "verified": false,
    "deposited": false,
    "language": "ru",
    "referral": {
      "code": "ref_1445841666",
      "invited_by": null,
      "referrals": [],
      "activated_referrals": [],
      "bonuses_claimed": [],
      "tradingview_username": null,
      "pending_bonus_request": null,
      "bonus_requests_history": []
    }
  },
  "292375460": {
    "username": "ishchenko_n",
    "registered_at": "2025-12-21T18:02:53.701936",
    "status": "new",
    "pocket_option_id": null,
    "verified": false,
    "deposited": false,
    "language": "uk",
    "referral": {
      "code": "ref_292375460",
      "invited_by": null,
      "referrals": [],
      "activated_referrals": [],
      "bonuses_claimed": [],
      "tradingview_username": null,
      "pending_bonus_request": null,
      "bonus_requests_history": []
    }
  },
  "2133768001": {
    "username": "AntonAK0",
    "registered_at": "2025-12-22T17:01:27.049980",
    "status": "new",
    "pocket_option_id": "PO118972524",
    "verified": true,
    "deposited": true,
    "language": "ru",
    "referral": {
      "code": "ref_2133768001",
      "invited_by": null,
      "referrals": [],
      "activated_referrals": [],
      "bonuses_claimed": [],
      "tradingview_username": null,
      "pending_bonus_request": null,
      "bonus_requests_history": []
    }
  },
  "5263836402": {
    "username": "User",
    "registered_at": "2025-12-22T20:44:56.337954",
    "status": "new",
    "pocket_option_id": null,
    "verified": false,
    "deposited": false,
    "language": "ru",
    "referral": {
      "code": "ref_5263836402",
      "invited_by": null,
      "referrals": [],
      "activated_referrals": [],
      "bonuses_claimed": [],
      "tradingview_username": null,
      "pending_bonus_request": null,
      "bonus_requests_history": []
    }
  },
  "474381080": {
    "username": "Alexey5606",
    "registered_at": "2025-12-22T21:45:31.369978",
    "status": "new",
    "pocket_option_id": null,
    "verified": false,
    "deposited": false,
    "language": "ru",
    "referral": {
      "code": "ref_474381080",
      "invited_by": null,
      "referrals": [],
      "activated_referrals": [],
      "bonuses_claimed": [],
      "tradingview_username": null,
      "pending_bonus_request": null,
      "bonus_requests_history": []
    }
  },
  "611419865": {
    "username": "cryptoinvestrich",
    "registered_at": "2025-12-23T10:07:12.110573",
    "status": "new",
    "pocket_option_id": null,
    "verified": false,
    "deposited": false,
    "language": "ru",
    "referral": {
      "code": "ref_611419865",
      "invited_by": null,
      "referrals": [],
      "activated_referrals": [],
      "bonuses_claimed": [],
      "tradingview_username": null,
      "pending_bonus_request": null,
      "bonus_requests_history": []
    }
  },
  "8534398258": {
    "username": "User",
    "registered_at": "2025-12-23T15:16:53.271226",
    "status": "new",
    "pocket_option_id": "PO6272625168",
    "verified": true,
    "deposited": true,
    "referral": {
      "code": "ref_8534398258",
      "invited_by": "925083497",
      "referrals": [],
      "activated_referrals": [],
      "bonuses_claimed": [],
      "tradingview_username": null,
      "pending_bonus_request": null,
      "bonus_requests_history": []
    },
    "language": "ru"
  },
  "444171195": {
    "username": "BanTheBomb",
    "registered_at": "2025-12-24T00:50:50.138719",
    "status": "new",
    "pocket_option_id": null,
    "verified": false,
    "deposited": false,
    "language": "ru",
    "referral": {
      "code": "ref_444171195",
      "invited_by": null,
      "referrals": [],
      "activated_referrals": [],
      "bonuses_claimed": [],
      "tradingview_username": null,
      "pending_bonus_request": null,
      "bonus_requests_history": []
    }
  },
  "1629711917": {
    "username": "antoine3891",
    "registered_at": "2025-12-24T00:52:58.369068",
    "status": "new",
    "pocket_option_id": null,
    "verified": false,
    "deposited": false,
    "language": "uk",
    "referral": {
      "code": "ref_1629711917",
      "invited_by": null,
      "referrals": [],
      "activated_referrals": [],
      "bonuses_claimed": [],
      "tradingview_username": null,
      "pending_bonus_request": null,
      "bonus_requests_history": []
    }
  },
  "2015678323": {
    "username": "nekit5526",
    "registered_at": "2025-12-24T03:21:26.128425",
    "status": "new",
    "pocket_option_id": null,
    "verified": false,
    "deposited": false,
    "language": "uk",
    "referral": {
      "code": "ref_2015678323",
      "invited_by": null,
      "referrals": [],
      "activated_referrals": [],
      "bonuses_claimed": [],
      "tradingview_username": null,
      "pending_bonus_request": null,
      "bonus_requests_history": []
    }
  },
  "7015199125": {
    "username": "User",
    "registered_at": "2025-12-24T10:33:41.401766",
    "status": "new",
    "pocket_option_id": null,
    "verified": false,
    "deposited": false,
    "language": "uk",
    "referral": {
      "code": "ref_7015199125",
      "invited_by": null,
      "referrals": [],
      "activated_referrals": [],
      "bonuses_claimed": [],
      "tradingview_username": null,
      "pending_bonus_request": null,
      "bonus_requests_history": []
    }
  },
  "663192533": {
    "username": "User",
    "registered_at": "2025-12-24T19:42:32.321891",
    "status": "new",
    "pocket_option_id": null,
    "verified": false,
    "deposited": false,
    "language": "ru",
    "referral": {
      "code": "ref_663192533",
      "invited_by": null,
      "referrals": [],
      "activated_referrals": [],
      "bonuses_claimed": [],
      "tradingview_username": null,
      "pending_bonus_request": null,
      "bonus_requests_history": []
    }
  },
  "889161182": {
    "username": "daniqqrr",
    "registered_at": "2025-12-24T20:30:31.422789",
    "status": "new",
    "pocket_option_id": null,
    "verified": false,
    "deposited": false,
    "language": "ru",
    "referral": {
      "code": "ref_889161182",
      "invited_by": null,
      "referrals": [],
      "activated_referrals": [],
      "bonuses_claimed": [],
      "tradingview_username": null,
      "pending_bonus_request": null,
      "bonus_requests_history": []
    }
  },
  "1723126363": {
    "username": "Sergii49",
    "registered_at": "2025-12-25T08:41:55.215690",
    "status": "new",
    "pocket_option_id": null,
    "verified": false,
    "deposited": false,
    "referral": {
      "code": "ref_1723126363",
      "invited_by": "511442168",
      "referrals": [],
      "activated_referrals": [],
      "bonuses_claimed": [],
      "tradingview_username": null,
      "pending_bonus_request": null,
      "bonus_requests_history": []
    },
    "language": "uk"
  },
  "535164813": {
    "username": "D_i_M_a_Y_a",
    "registered_at": "2025-12-25T08:55:20.560941",
    "status": "new",
    "pocket_option_id": null,
    "verified": false,
    "deposited": false,
    "referral": {
      "code": "ref_535164813",
      "invited_by": "511442168",
      "referrals": [],
      "activated_referrals": [],
      "bonuses_claimed": [],
      "tradingview_username": null,
      "pending_bonus_request": null,
      "bonus_requests_history": []
    },
    "language": "uk"
  },
  "1125003755": {
    "username": "Oleg_27_06",
    "registered_at": "2025-12-25T09:30:37.511316",
    "status": "new",
    "pocket_option_id": null,
    "verified": false,
    "deposited": false,
    "referral": {
      "code": "ref_1125003755",
      "invited_by": "511442168",
      "referrals": [],
      "activated_referrals": [],
      "bonuses_claimed": [],
      "tradingview_username": null,
      "pending_bonus_request": null,
      "bonus_requests_history": []
    },
    "language": "ru"
  },
  "8333501900": {
    "username": "User",
    "registered_at": "2025-12-25T11:29:43.082571",
    "status": "new",
    "pocket_option_id": null,
    "verified": false,
    "deposited": false,
    "referral": {
      "code": "ref_8333501900",
      "invited_by": "511442168",
      "referrals": [],
      "activated_referrals": [],
      "bonuses_claimed": [],
      "tradingview_username": null,
      "pending_bonus_request": null,
      "bonus_requests_history": []
    },
    "language": "uk"
  },
  "510687197": {
    "username": "User",
    "registered_at": "2025-12-25T11:56:13.022487",
    "status": "new",
    "pocket_option_id": null,
    "verified": false,
    "deposited": false,
    "referral": {
      "code": "ref_510687197",
      "invited_by": "511442168",
      "referrals": [],
      "activated_referrals": [],
      "bonuses_claimed": [],
      "tradingview_username": null,
      "pending_bonus_request": null,
      "bonus_requests_history": []
    },
    "language": "uk"
  },
  "1270773159": {
    "username": "User",
    "registered_at": "2025-12-25T12:29:34.467742",
    "status": "new",
    "pocket_option_id": null,
    "verified": false,
    "deposited": false,
    "referral": {
      "code": "ref_1270773159",
      "invited_by": "511442168",
      "referrals": [],
      "activated_referrals": [],
      "bonuses_claimed": [],
      "tradingview_username": null,
      "pending_bonus_request": null,
      "bonus_requests_history": []
    },
    "language": "uk"
  },
  "452052752": {
    "username": "zaralone21",
    "registered_at": "2025-12-25T12:49:31.687730",
    "status": "new",
    "pocket_option_id": null,
    "verified": false,
    "deposited": false,
    "referral": {
      "code": "ref_452052752",
      "invited_by": "511442168",
      "referrals": [],
      "activated_referrals": [],
      "bonuses_claimed": [],
      "tradingview_username": null,
      "pending_bonus_request": null,
      "bonus_requests_history": []
    },
    "language": "uk"
  },
  "7631891291": {
    "username": "Alexey_VibeTrade",
    "registered_at": "2025-12-25T13:29:28.269754",
    "status": "new",
    "pocket_option_id": null,
    "verified": false,
    "deposited": false,
    "language": "ru",
    "referral": {
      "code": "ref_7631891291",
      "invited_by": null,
      "referrals": [],
      "activated_referrals": [],
      "bonuses_claimed": [],
      "tradingview_username": null,
      "pending_bonus_request": null,
      "bonus_requests_history": []
    }
  },
  "8379221671": {
    "username": "romaosito",
    "registered_at": "2025-12-25T14:29:17.868010",
    "status": "new",
    "pocket_option_id": null,
    "verified": false,
    "deposited": false,
    "referral": {
      "code": "ref_8379221671",
      "invited_by": "511442168",
      "referrals": [],
      "activated_referrals": [],
      "bonuses_claimed": [],
      "tradingview_username": null,
      "pending_bonus_request": null,
      "bonus_requests_history": []
    },
    "language": "uk"
  },
  "8590579043": {
    "username": "Mark",
    "registered_at": "2025-12-25T16:39:48.052277",
    "status": "new",
    "pocket_option_id": null,
    "verified": false,
    "deposited": false,
    "language": "ru"
  },
  "484202382": {
    "username": "Brauer_Nikita",
    "registered_at": "2025-12-25T22:44:55.471753",
    "status": "new",
    "pocket_option_id": null,
    "verified": false,
    "deposited": false,
    "referral": {
      "code": "ref_484202382",
      "invited_by": "511442168",
      "referrals": [],
      "activated_referrals": [],
      "bonuses_claimed": [],
      "tradingview_username": null,
      "pending_bonus_request": null,
      "bonus_requests_history": []
    },
    "language": "ru"
  },
  "8452393513": {
    "username": "amur2963",
    "registered_at": "2025-12-25T22:54:13.707155",
    "status": "new",
    "pocket_option_id": null,
    "verified": false,
    "deposited": false,
    "language": "ru"
  },
  "7132513690": {
    "username": "Alexeo2299",
    "registered_at": "2025-12-26T02:08:44.760608",
    "status": "new",
    "pocket_option_id": null,
    "verified": false,
    "deposited": false,
    "referral": {
      "code": "ref_7132513690",
      "invited_by": "511442168",
      "referrals": [],
      "activated_referrals": [],
      "bonuses_claimed": [],
      "tradingview_username": null,
      "pending_bonus_request": null,
      "bonus_requests_history": []
    },
    "language": "uk"
  },
  "7282383307": {
    "username": "Fx",
    "registered_at": "2025-12-26T02:32:38.837582",
    "status": "new",
    "pocket_option_id": null,
    "verified": false,
    "deposited": false,
    "referral": {
      "code": "ref_7282383307",
      "invited_by": "511442168",
      "referrals": [],
      "activated_referrals": [],
      "bonuses_claimed": [],
      "tradingview_username": null,
      "pending_bonus_request": null,
      "bonus_requests_history": []
    },
    "language": "uk"
  },
  "481160637": {
    "username": "danilzp",
    "registered_at": "2025-12-26T02:55:22.834670",
    "status": "new",
    "pocket_option_id": null,
    "verified": false,
    "deposited": false,
    "referral": {
      "code": "ref_481160637",
      "invited_by": "511442168",
      "referrals": [],
      "activated_referrals": [],
      "bonuses_claimed": [],
      "tradingview_username": null,
      "pending_bonus_request": null,
      "bonus_requests_history": []
    }
  },
  "7941342605": {
    "username": "Barabashka95",
    "registered_at": "2025-12-26T05:00:19.293738",
    "status": "new",
    "pocket_option_id": null,
    "verified": false,
    "deposited": false,
    "referral": {
      "code": "ref_7941342605",
      "invited_by": "511442168",
      "referrals": [],
      "activated_referrals": [],
      "bonuses_claimed": [],
      "tradingview_username": null,
      "pending_bonus_request": null,
      "bonus_requests_history": []
    },
    "language": "uk"
  },
  "906502869": {
    "username": "kosmostraffic",
    "registered_at": "2025-12-26T08:40:26.030365",
    "status": "new",
    "pocket_option_id": null,
    "verified": false,
    "deposited": false,
    "referral": {
      "code": "ref_906502869",
      "invited_by": "511442168",
      "referrals": [],
      "activated_referrals": [],
      "bonuses_claimed": [],
      "tradingview_username": null,
      "pending_bonus_request": null,
      "bonus_requests_history": []
    },
    "language": "uk"
  },
  "520155255": {
    "username": "djshake09",
    "registered_at": "2025-12-26T09:48:43.294504",
    "status": "new",
    "pocket_option_id": null,
    "verified": false,
    "deposited": false,
    "referral": {
      "code": "ref_520155255",
      "invited_by": "511442168",
      "referrals": [],
      "activated_referrals": [],
      "bonuses_claimed": [],
      "tradingview_username": null,
      "pending_bonus_request": null,
      "bonus_requests_history": []
    }
  },
  "656040312": {
    "username": "Roman199412",
    "registered_at": "2025-12-26T10:22:44.700036",
    "status": "new",
    "pocket_option_id": null,
    "verified": false,
    "deposited": false,
    "referral": {
      "code": "ref_656040312",
      "invited_by": "511442168",
      "referrals": [],
      "activated_referrals": [],
      "bonuses_claimed": [],
      "tradingview_username": null,
      "pending_bonus_request": null,
      "bonus_requests_history": []
    },
    "language": "ru"
  },
  "1396417770": {
    "username": "Ded_Kevin",
    "registered_at": "2025-12-26T10:58:44.630897",
    "status": "new",
    "pocket_option_id": null,
    "verified": false,
    "deposited": false,
    "referral": {
      "code": "ref_1396417770",
      "invited_by": "511442168",
      "referrals": [],
      "activated_referrals": [],
      "bonuses_claimed": [],
      "tradingview_username": null,
      "pending_bonus_request": null,
      "bonus_requests_history": []
    },
    "language": "uk"
  },
  "488826250": {
    "username": "lylchak73",
    "registered_at": "2025-12-26T11:03:21.091177",
    "status": "new",
    "pocket_option_id": null,
    "verified": false,
    "deposited": false,
    "referral": {
      "code": "ref_488826250",
      "invited_by": "511442168",
      "referrals": [],
      "activated_referrals": [],
      "bonuses_claimed": [],
      "tradingview_username": null,
      "pending_bonus_request": null,
      "bonus_requests_history": []
    },
    "language": "ru"
  },
  "490807024": {
    "username": "D31430",
    "registered_at": "2025-12-26T11:57:34.440446",
    "status": "new",
    "pocket_option_id": null,
    "verified": false,
    "deposited": false,
    "referral": {
      "code": "ref_490807024",
      "invited_by": "511442168",
      "referrals": [],
      "activated_referrals": [],
      "bonuses_claimed": [],
      "tradingview_username": null,
      "pending_bonus_request": null,
      "bonus_requests_history": []
    },
    "language": "uk"
  },
  "792610514": {
    "username": "vladjzio",
    "registered_at": "2025-12-26T12:46:46.141590",
    "status": "new",
    "pocket_option_id": null,
    "verified": false,
    "deposited": false,
    "referral": {
      "code": "ref_792610514",
      "invited_by": "511442168",
      "referrals": [],
      "activated_referrals": [],
      "bonuses_claimed": [],
      "tradingview_username": null,
      "pending_bonus_request": null,
      "bonus_requests_history": []
    }
  },
  "8015511111": {
    "username": ".",
    "registered_at": "2025-12-26T13:02:51.565187",
    "status": "new",
    "pocket_option_id": null,
    "verified": false,
    "deposited": false,
    "language": "ru"
  },
  "5184518880": {
    "username": "Андрей",
    "registered_at": "2025-12-26T13:44:54.967829",
    "status": "new",
    "pocket_option_id": null,
    "verified": false,
    "deposited": false,
    "referral": {
      "code": "ref_5184518880",
      "invited_by": "511442168",
      "referrals": [],
      "activated_referrals": [],
      "bonuses_claimed": [],
      "tradingview_username": null,
      "pending_bonus_request": null,
      "bonus_requests_history": []
    },
    "language": "uk"
  },
  "1490988388": {
    "username": "Максим",
    "registered_at": "2025-12-26T15:31:00.748231",
    "status": "new",
    "pocket_option_id": null,
    "verified": false,
    "deposited": false,
    "referral": {
      "code": "ref_1490988388",
      "invited_by": "511442168",
      "referrals": [],
      "activated_referrals": [],
      "bonuses_claimed": [],
      "tradingview_username": null,
      "pending_bonus_request": null,
      "bonus_requests_history": []
    },
    "language": "uk"
  },
  "8254064541": {
    "username": "nMnH",
    "registered_at": "2025-12-26T18:48:25.454912",
    "status": "new",
    "pocket_option_id": null,
    "verified": false,
    "deposited": false,
    "referral": {
      "code": "ref_8254064541",
      "invited_by": "925083497",
      "referrals": [],
      "activated_referrals": [],
      "bonuses_claimed": [],
      "tradingview_username": null,
      "pending_bonus_request": null,
      "bonus_requests_history": []
    },
    "language": "ru"
  },
  "7834332344": {
    "username": "Вадімка🫡",
    "registered_at": "2025-12-26T21:10:55.453715",
    "status": "new",
    "pocket_option_id": null,
    "verified": false,
    "deposited": false,
    "referral": {
      "code": "ref_7834332344",
      "invited_by": "511442168",
      "referrals": [],
      "activated_referrals": [],
      "bonuses_claimed": [],
      "tradingview_username": null,
      "pending_bonus_request": null,
      "bonus_requests_history": []
    },
    "language": "uk"
  },
  "7839198140": {
    "username": "Миша",
    "registered_at": "2025-12-26T21:42:00.952170",
    "status": "new",
    "pocket_option_id": null,
    "verified": false,
    "deposited": false,
    "language": "ru",
    "referral": {
      "code": "ref_7839198140",
      "invited_by": null,
      "referrals": [],
      "activated_referrals": [],
      "bonuses_claimed": [],
      "tradingview_username": null,
      "pending_bonus_request": null,
      "bonus_requests_history": []
    }
  },
  "1647980315": {
    "username": "EvheniiSavchuk",
    "registered_at": "2025-12-26T23:20:33.063634",
    "status": "new",
    "pocket_option_id": null,
    "verified": false,
    "deposited": false,
    "referral": {
      "code": "ref_1647980315",
      "invited_by": "511442168",
      "referrals": [],
      "activated_referrals": [],
      "bonuses_claimed": [],
      "tradingview_username": null,
      "pending_bonus_request": null,
      "bonus_requests_history": []
    },
    "language": "uk"
  },
  "543701744": {
    "username": "Jaxson5505",
    "registered_at": "2025-12-26T23:59:11.031630",
    "status": "new",
    "pocket_option_id": null,
    "verified": false,
    "deposited": false,
    "referral": {
      "code": "ref_543701744",
      "invited_by": "511442168",
      "referrals": [],
      "activated_referrals": [],
      "bonuses_claimed": [],
      "tradingview_username": null,
      "pending_bonus_request": null,
      "bonus_requests_history": []
    },
    "language": "ru"
  },
  "768522003": {
    "username": "marling_888",
    "registered_at": "2025-12-27T08:47:16.166086",
    "status": "new",
    "pocket_option_id": null,
    "verified": false,
    "deposited": false,
    "referral": {
      "code": "ref_768522003",
      "invited_by": "511442168",
      "referrals": [],
      "activated_referrals": [],
      "bonuses_claimed": [],
      "tradingview_username": null,
      "pending_bonus_request": null,
      "bonus_requests_history": []
    },
    "language": "es"
  },
  "381354946": {
    "username": "doctorcyberpridurok",
    "registered_at": "2025-12-27T10:20:02.843630",
    "status": "new",
    "pocket_option_id": null,
    "verified": false,
    "deposited": false,
    "referral": {
      "code": "ref_381354946",
      "invited_by": "511442168",
      "referrals": [],
      "activated_referrals": [],
      "bonuses_claimed": [],
      "tradingview_username": null,
      "pending_bonus_request": null,
      "bonus_requests_history": []
    },
    "language": "ru"
  },
  "1963644473": {
    "username": "checkengine700",
    "registered_at": "2025-12-27T11:13:17.369700",
    "status": "new",
    "pocket_option_id": null,
    "verified": false,
    "deposited": false,
    "referral": {
      "code": "ref_1963644473",
      "invited_by": "511442168",
      "referrals": [],
      "activated_referrals": [],
      "bonuses_claimed": [],
      "tradingview_username": null,
      "pending_bonus_request": null,
      "bonus_requests_history": []
    },
    "language": "ru"
  },
  "5090874290": {
    "username": "yur0000000",
    "registered_at": "2025-12-27T11:39:25.521827",
    "status": "new",
    "pocket_option_id": null,
    "verified": false,
    "deposited": false,
    "referral": {
      "code": "ref_5090874290",
      "invited_by": "511442168",
      "referrals": [],
      "activated_referrals": [],
      "bonuses_claimed": [],
      "tradingview_username": null,
      "pending_bonus_request": null,
      "bonus_requests_history": []
    },
    "language": "uk"
  },
  "427497168": {
    "username": "a_dministrato_r",
    "registered_at": "2025-12-27T12:26:08.260814",
    "status": "new",
    "pocket_option_id": null,
    "verified": false,
    "deposited": false,
    "referral": {
      "code": "ref_427497168",
      "invited_by": "511442168",
      "referrals": [],
      "activated_referrals": [],
      "bonuses_claimed": [],
      "tradingview_username": null,
      "pending_bonus_request": null,
      "bonus_requests_history": []
    },
    "language": "uk"
  },
  "1140410936": {
    "username": "︎ ︎︎ ︎ ︎ ︎ ︎︎ ︎ ︎︎︎ ︎ ︎ ︎ ︎ ︎ ︎︎ ︎ ︎ ︎ ︎︎ ︎ ︎ ︎ ︎︎ ︎ ︎︎︎ ︎ ︎ ︎",
    "registered_at": "2025-12-27T15:00:22.055536",
    "status": "new",
    "pocket_option_id": null,
    "verified": false,
    "deposited": false,
    "referral": {
      "code": "ref_1140410936",
      "invited_by": "511442168",
      "referrals": [],
      "activated_referrals": [],
      "bonuses_claimed": [],
      "tradingview_username": null,
      "pending_bonus_request": null,
      "bonus_requests_history": []
    },
    "language": "uk"
  },
  "385568515": {
    "username": "yasha_3777",
    "registered_at": "2025-12-27T15:08:55.822206",
    "status": "new",
    "pocket_option_id": null,
    "verified": false,
    "deposited": false,
    "referral": {
      "code": "ref_385568515",
      "invited_by": "511442168",
      "referrals": [],
      "activated_referrals": [],
      "bonuses_claimed": [],
      "tradingview_username": null,
      "pending_bonus_request": null,
      "bonus_requests_history": []
    },
    "language": "ru"
  },
  "8234884120": {
    "username": "sergea98",
    "registered_at": "2025-12-27T15:50:49.355950",
    "status": "new",
    "pocket_option_id": null,
    "verified": false,
    "deposited": false,
    "referral": {
      "code": "ref_8234884120",
      "invited_by": "511442168",
      "referrals": [],
      "activated_referrals": [],
      "bonuses_claimed": [],
      "tradingview_username": null,
      "pending_bonus_request": null,
      "bonus_requests_history": []
    },
    "language": "uk"
  },
  "7759826140": {
    "username": "Артем",
    "registered_at": "2025-12-27T19:23:35.659948",
    "status": "new",
    "pocket_option_id": null,
    "verified": false,
    "deposited": false,
    "referral": {
      "code": "ref_7759826140",
      "invited_by": "511442168",
      "referrals": [],
      "activated_referrals": [],
      "bonuses_claimed": [],
      "tradingview_username": null,
      "pending_bonus_request": null,
      "bonus_requests_history": []
    },
    "language": "uk"
  },
  "1478075667": {
    "username": "Stanislavj18",
    "registered_at": "2025-12-27T20:02:25.497466",
    "status": "new",
    "pocket_option_id": null,
    "verified": false,
    "deposited": false,
    "referral": {
      "code": "ref_1478075667",
      "invited_by": "511442168",
      "referrals": [],
      "activated_referrals": [],
      "bonuses_claimed": [],
      "tradingview_username": null,
      "pending_bonus_request": null,
      "bonus_requests_history": []
    },
    "language": "uk"
  },
  "5887143752": {
    "username": "Letto0_1",
    "registered_at": "2025-12-27T21:13:15.268131",
    "status": "new",
    "pocket_option_id": null,
    "verified": false,
    "deposited": false,
    "referral": {
      "code": "ref_5887143752",
      "invited_by": "511442168",
      "referrals": [],
      "activated_referrals": [],
      "bonuses_claimed": [],
      "tradingview_username": null,
      "pending_bonus_request": null,
      "bonus_requests_history": []
    },
    "language": "uk"
  },
  "483711033": {
    "username": "cosmostar80",
    "registered_at": "2025-12-27T21:57:12.277522",
    "status": "new",
    "pocket_option_id": null,
    "verified": false,
    "deposited": false,
    "referral": {
      "code": "ref_483711033",
      "invited_by": "511442168",
      "referrals": [],
      "activated_referrals": [],
      "bonuses_claimed": [],
      "tradingview_username": null,
      "pending_bonus_request": null,
      "bonus_requests_history": []
    },
    "language": "uk"
  },
  "864739237": {
    "username": "artmnd_prod",
    "registered_at": "2025-12-27T23:17:41.308615",
    "status": "new",
    "pocket_option_id": null,
    "verified": false,
    "deposited": false,
    "referral": {
      "code": "ref_864739237",
      "invited_by": "511442168",
      "referrals": [],
      "activated_referrals": [],
      "bonuses_claimed": [],
      "tradingview_username": null,
      "pending_bonus_request": null,
      "bonus_requests_history": []
    },
    "language": "ru"
  },
  "629470017": {
    "username": "Ivan",
    "registered_at": "2025-12-28T00:34:52.427162",
    "status": "new",
    "pocket_option_id": null,
    "verified": false,
    "deposited": false,
    "referral": {
      "code": "ref_629470017",
      "invited_by": "511442168",
      "referrals": [],
      "activated_referrals": [],
      "bonuses_claimed": [],
      "tradingview_username": null,
      "pending_bonus_request": null,
      "bonus_requests_history": []
    },
    "language": "uk"
  },
  "5134901835": {
    "username": "Welcome_naxyi_39",
    "registered_at": "2025-12-28T01:46:28.271571",
    "status": "new",
    "pocket_option_id": null,
    "verified": false,
    "deposited": false,
    "referral": {
      "code": "ref_5134901835",
      "invited_by": "511442168",
      "referrals": [],
      "activated_referrals": [],
      "bonuses_claimed": [],
      "tradingview_username": null,
      "pending_bonus_request": null,
      "bonus_requests_history": []
    },
    "language": "uk"
  },
  "5260930236": {
    "username": "yur1577",
    "registered_at": "2025-12-28T02:37:56.750090",
    "status": "new",
    "pocket_option_id": null,
    "verified": false,
    "deposited": false,
    "referral": {
      "code": "ref_5260930236",
      "invited_by": "511442168",
      "referrals": [],
      "activated_referrals": [],
      "bonuses_claimed": [],
      "tradingview_username": null,
      "pending_bonus_request": null,
      "bonus_requests_history": []
    },
    "language": "uk"
  },
  "684364568": {
    "username": "Vlad120521",
    "registered_at": "2025-12-28T14:02:03.994550",
    "status": "new",
    "pocket_option_id": null,
    "verified": false,
    "deposited": false,
    "referral": {
      "code": "ref_684364568",
      "invited_by": "511442168",
      "referrals": [],
      "activated_referrals": [],
      "bonuses_claimed": [],
      "tradingview_username": null,
      "pending_bonus_request": null,
      "bonus_requests_history": []
    },
    "language": "uk"
  },
  "853250565": {
    "username": "cosmicpurplee",
    "registered_at": "2025-12-28T14:52:46.881203",
    "status": "new",
    "pocket_option_id": "PO119418560",
    "verified": false,
    "deposited": false,
    "referral": {
      "code": "ref_853250565",
      "invited_by": "511442168",
      "referrals": [],
      "activated_referrals": [],
      "bonuses_claimed": [],
      "tradingview_username": null,
      "pending_bonus_request": null,
      "bonus_requests_history": []
    },
    "language": "ru"
  },
  "8439156593": {
    "username": "zctXQHXyxA",
    "registered_at": "2025-12-28T16:09:37.316219",
    "status": "new",
    "pocket_option_id": null,
    "verified": false,
    "deposited": false,
    "referral": {
      "code": "ref_8439156593",
      "invited_by": "511442168",
      "referrals": [],
      "activated_referrals": [],
      "bonuses_claimed": [],
      "tradingview_username": null,
      "pending_bonus_request": null,
      "bonus_requests_history": []
    },
    "language": "uk"
  },
  "8071376909": {
    "username": "Iv_n97",
    "registered_at": "2025-12-28T19:07:23.427444",
    "status": "new",
    "pocket_option_id": null,
    "verified": false,
    "deposited": false,
    "referral": {
      "code": "ref_8071376909",
      "invited_by": "511442168",
      "referrals": [],
      "activated_referrals": [],
      "bonuses_claimed": [],
      "tradingview_username": null,
      "pending_bonus_request": null,
      "bonus_requests_history": []
    }
  },
  "6534941106": {
    "username": "muhammad11133",
    "registered_at": "2025-12-28T19:22:41.570815",
    "status": "new",
    "pocket_option_id": null,
    "verified": false,
    "deposited": false,
    "referral": {
      "code": "ref_6534941106",
      "invited_by": "511442168",
      "referrals": [],
      "activated_referrals": [],
      "bonuses_claimed": [],
      "tradingview_username": null,
      "pending_bonus_request": null,
      "bonus_requests_history": []
    },
    "language": "ru"
  },
  "5367137985": {
    "username": "Vitaliy_Vovchok",
    "registered_at": "2025-12-28T20:25:19.439820",
    "status": "new",
    "pocket_option_id": null,
    "verified": false,
    "deposited": false,
    "referral": {
      "code": "ref_5367137985",
      "invited_by": "511442168",
      "referrals": [],
      "activated_referrals": [],
      "bonuses_claimed": [],
      "tradingview_username": null,
      "pending_bonus_request": null,
      "bonus_requests_history": []
    },
    "language": "uk"
  },
  "1043825501": {
    "username": "Shiba_Tatsu",
    "registered_at": "2025-12-28T21:15:17.276556",
    "status": "new",
    "pocket_option_id": null,
    "verified": false,
    "deposited": false,
    "referral": {
      "code": "ref_1043825501",
      "invited_by": "511442168",
      "referrals": [],
      "activated_referrals": [],
      "bonuses_claimed": [],
      "tradingview_username": null,
      "pending_bonus_request": null,
      "bonus_requests_history": []
    }
  },
  "725130850": {
    "username": "vlad15_0",
    "registered_at": "2025-12-28T22:09:15.657255",
    "status": "new",
    "pocket_option_id": "PO119467707",
    "verified": false,
    "deposited": false,
    "referral": {
      "code": "ref_725130850",
      "invited_by": "511442168",
      "referrals": [],
      "activated_referrals": [],
      "bonuses_claimed": [],
      "tradingview_username": null,
      "pending_bonus_request": null,
      "bonus_requests_history": []
    },
    "language": "uk"
  },
  "6984661245": {
    "username": "Kunev18",
    "registered_at": "2025-12-28T22:24:01.378427",
    "status": "new",
    "pocket_option_id": null,
    "verified": false,
    "deposited": false,
    "referral": {
      "code": "ref_6984661245",
      "invited_by": "511442168",
      "referrals": [],
      "activated_referrals": [],
      "bonuses_claimed": [],
      "tradingview_username": null,
      "pending_bonus_request": null,
      "bonus_requests_history": []
    }
  },
  "5067270688": {
    "username": "sanya_2280",
    "registered_at": "2025-12-28T23:27:28.053517",
    "status": "new",
    "pocket_option_id": null,
    "verified": false,
    "deposited": false,
    "referral": {
      "code": "ref_5067270688",
      "invited_by": "511442168",
      "referrals": [],
      "activated_referrals": [],
      "bonuses_claimed": [],
      "tradingview_username": null,
      "pending_bonus_request": null,
      "bonus_requests_history": []
    },
    "language": "ru"
  },
  "215430432": {
    "username": "Oleg_Malerik",
    "registered_at": "2025-12-29T00:33:23.255216",
    "status": "new",
    "pocket_option_id": null,
    "verified": false,
    "deposited": false,
    "referral": {
      "code": "ref_215430432",
      "invited_by": "511442168",
      "referrals": [],
      "activated_referrals": [],
      "bonuses_claimed": [],
      "tradingview_username": null,
      "pending_bonus_request": null,
      "bonus_requests_history": []
    },
    "language": "uk"
  },
  "5746586281": {
    "username": "stil_ryder",
    "registered_at": "2025-12-29T02:16:53.407353",
    "status": "new",
    "pocket_option_id": null,
    "verified": false,
    "deposited": false,
    "referral": {
      "code": "ref_5746586281",
      "invited_by": "511442168",
      "referrals": [],
      "activated_referrals": [],
      "bonuses_claimed": [],
      "tradingview_username": null,
      "pending_bonus_request": null,
      "bonus_requests_history": []
    },
    "language": "ru"
  },
  "482661922": {
    "username": "romekcool",
    "registered_at": "2025-12-29T09:09:47.389694",
    "status": "new",
    "pocket_option_id": null,
    "verified": false,
    "deposited": false,
    "referral": {
      "code": "ref_482661922",
      "invited_by": "511442168",
      "referrals": [],
      "activated_referrals": [],
      "bonuses_claimed": [],
      "tradingview_username": null,
      "pending_bonus_request": null,
      "bonus_requests_history": []
    },
    "language": "uk"
  },
  "654283825": {
    "username": "jorachikcet",
    "registered_at": "2025-12-29T11:06:00.834256",
    "status": "new",
    "pocket_option_id": null,
    "verified": false,
    "deposited": false,
    "referral": {
      "code": "ref_654283825",
      "invited_by": "511442168",
      "referrals": [],
      "activated_referrals": [],
      "bonuses_claimed": [],
      "tradingview_username": null,
      "pending_bonus_request": null,
      "bonus_requests_history": []
    },
    "language": "uk"
  },
  "1371856078": {
    "username": "Illya1905",
    "registered_at": "2025-12-29T11:49:00.692670",
    "status": "new",
    "pocket_option_id": null,
    "verified": false,
    "deposited": false,
    "referral": {
      "code": "ref_1371856078",
      "invited_by": "511442168",
      "referrals": [],
      "activated_referrals": [],
      "bonuses_claimed": [],
      "tradingview_username": null,
      "pending_bonus_request": null,
      "bonus_requests_history": []
    },
    "language": "uk"
  },
  "1215457468": {
    "username": "gsxcgard",
    "registered_at": "2025-12-29T12:34:37.124804",
    "status": "new",
    "pocket_option_id": null,
    "verified": false,
    "deposited": false,
    "referral": {
      "code": "ref_1215457468",
      "invited_by": "511442168",
      "referrals": [],
      "activated_referrals": [],
      "bonuses_claimed": [],
      "tradingview_username": null,
      "pending_bonus_request": null,
      "bonus_requests_history": []
    },
    "language": "ru"
  },
  "624176043": {
    "username": "Okaleg17",
    "registered_at": "2025-12-29T13:52:31.237237",
    "status": "new",
    "pocket_option_id": null,
    "verified": false,
    "deposited": false,
    "referral": {
      "code": "ref_624176043",
      "invited_by": "511442168",
      "referrals": [],
      "activated_referrals": [],
      "bonuses_claimed": [],
      "tradingview_username": null,
      "pending_bonus_request": null,
      "bonus_requests_history": []
    },
    "language": "ru"
  },
  "882281239": {
    "username": "Tcipka",
    "registered_at": "2025-12-29T14:10:37.858010",
    "status": "new",
    "pocket_option_id": null,
    "verified": false,
    "deposited": false,
    "referral": {
      "code": "ref_882281239",
      "invited_by": "511442168",
      "referrals": [],
      "activated_referrals": [],
      "bonuses_claimed": [],
      "tradingview_username": null,
      "pending_bonus_request": null,
      "bonus_requests_history": []
    },
    "language": "uk"
  },
  "807483636": {
    "username": "Андрій",
    "registered_at": "2025-12-29T14:14:01.700089",
    "status": "new",
    "pocket_option_id": null,
    "verified": false,
    "deposited": false,
    "referral": {
      "code": "ref_807483636",
      "invited_by": "511442168",
      "referrals": [],
      "activated_referrals": [],
      "bonuses_claimed": [],
      "tradingview_username": null,
      "pending_bonus_request": null,
      "bonus_requests_history": []
    },
    "language": "uk"
  },
  "338649081": {
    "username": "volodymyr1099",
    "registered_at": "2025-12-29T14:52:59.636903",
    "status": "new",
    "pocket_option_id": null,
    "verified": false,
    "deposited": false,
    "referral": {
      "code": "ref_338649081",
      "invited_by": "511442168",
      "referrals": [],
      "activated_referrals": [],
      "bonuses_claimed": [],
      "tradingview_username": null,
      "pending_bonus_request": null,
      "bonus_requests_history": []
    },
    "language": "uk"
  },
  "5892319452": {
    "username": "Bogdan3060",
    "registered_at": "2025-12-29T15:35:25.591467",
    "status": "new",
    "pocket_option_id": null,
    "verified": false,
    "deposited": false,
    "referral": {
      "code": "ref_5892319452",
      "invited_by": "511442168",
      "referrals": [],
      "activated_referrals": [],
      "bonuses_claimed": [],
      "tradingview_username": null,
      "pending_bonus_request": null,
      "bonus_requests_history": []
    },
    "language": "ru"
  },
  "496764210": {
    "username": "Mikhailo_765",
    "registered_at": "2025-12-29T17:14:53.703610",
    "status": "new",
    "pocket_option_id": null,
    "verified": false,
    "deposited": false,
    "referral": {
      "code": "ref_496764210",
      "invited_by": "511442168",
      "referrals": [],
      "activated_referrals": [],
      "bonuses_claimed": [],
      "tradingview_username": null,
      "pending_bonus_request": null,
      "bonus_requests_history": []
    },
    "language": "uk"
  },
  "1863108100": {
    "username": "Yehor4ikk",
    "registered_at": "2025-12-29T23:51:30.067813",
    "status": "new",
    "pocket_option_id": null,
    "verified": false,
    "deposited": false,
    "referral": {
      "code": "ref_1863108100",
      "invited_by": "511442168",
      "referrals": [],
      "activated_referrals": [],
      "bonuses_claimed": [],
      "tradingview_username": null,
      "pending_bonus_request": null,
      "bonus_requests_history": []
    },
    "language": "uk"
  },
  "5573915954": {
    "username": "AminaSakamaki666",
    "registered_at": "2025-12-30T03:36:06.420791",
    "status": "new",
    "pocket_option_id": null,
    "verified": false,
    "deposited": false,
    "language": "ru"
  },
  "382113045": {
    "username": "Артур",
    "registered_at": "2025-12-30T08:09:42.460784",
    "status": "new",
    "pocket_option_id": null,
    "verified": false,
    "deposited": false,
    "referral": {
      "code": "ref_382113045",
      "invited_by": "511442168",
      "referrals": [],
      "activated_referrals": [],
      "bonuses_claimed": [],
      "tradingview_username": null,
      "pending_bonus_request": null,
      "bonus_requests_history": []
    },
    "language": "uk"
  },
  "758418793": {
    "username": "Skvirik1",
    "registered_at": "2025-12-30T12:00:00.888697",
    "status": "new",
    "pocket_option_id": null,
    "verified": false,
    "deposited": false,
    "referral": {
      "code": "ref_758418793",
      "invited_by": "511442168",
      "referrals": [],
      "activated_referrals": [],
      "bonuses_claimed": [],
      "tradingview_username": null,
      "pending_bonus_request": null,
      "bonus_requests_history": []
    },
    "language": "uk"
  },
  "7037281406": {
    "username": "dlfgdlfg",
    "registered_at": "2025-12-30T13:02:25.083034",
    "status": "new",
    "pocket_option_id": null,
    "verified": false,
    "deposited": false,
    "language": "ru"
  },
  "705857743": {
    "username": "Masha",
    "registered_at": "2025-12-30T14:09:17.799308",
    "status": "new",
    "pocket_option_id": null,
    "verified": false,
    "deposited": false,
    "referral": {
      "code": "ref_705857743",
      "invited_by": "511442168",
      "referrals": [],
      "activated_referrals": [],
      "bonuses_claimed": [],
      "tradingview_username": null,
      "pending_bonus_request": null,
      "bonus_requests_history": []
    },
    "language": "uk"
  },
  "394107216": {
    "username": "vladysslav",
    "registered_at": "2025-12-30T15:10:57.290448",
    "status": "new",
    "pocket_option_id": null,
    "verified": false,
    "deposited": false,
    "referral": {
      "code": "ref_394107216",
      "invited_by": "511442168",
      "referrals": [],
      "activated_referrals": [],
      "bonuses_claimed": [],
      "tradingview_username": null,
      "pending_bonus_request": null,
      "bonus_requests_history": []
    },
    "language": "ru"
  }
}